detector,stream,learner,drift_type,params,fp,tp,fn,precision,recall,episode_recall,f1,mdt,far,ar,n_episodes,n_alarms
ABCD,SEA,HoeffdingTree,ABRUPT,"{'num_splits': 20, 'model_id': 'kpca', 'encoding_factor': 0.3, 'delta_warn': 0.1, 'delta_drift': 0.0001}",16,0,30,0.0,0.0,0.0,0.0,,0.05332782279164486,0.05332782279164486,30,16
ABCD,Agrawal,HoeffdingTree,ABRUPT,"{'num_splits': 20, 'model_id': 'kpca', 'encoding_factor': 0.3, 'delta_warn': 0.1, 'delta_drift': 0.0001}",19,9,22,0.32142857142857145,0.2903225806451613,0.26666666666666666,0.3050847457627119,376.5,0.06332678956507827,0.09332368988537851,30,28
ABCD,STAGGER,HoeffdingTree,ABRUPT,"{'num_splits': 20, 'model_id': 'kpca', 'encoding_factor': 0.3, 'delta_warn': 0.1, 'delta_drift': 0.0001}",44,35,3,0.4430379746835443,0.9210526315789473,0.9,0.5982905982905983,-32.18518518518518,0.14665151267702337,0.2633061250337465,30,79
ABCD,SEA,ARF,ABRUPT,"{'num_splits': 20, 'model_id': 'kpca', 'encoding_factor': 0.3, 'delta_warn': 0.1, 'delta_drift': 0.0001}",19,5,25,0.20833333333333334,0.16666666666666666,0.16666666666666666,0.1851851851851852,378.8,0.06332678956507827,0.07999173418746729,30,24
ABCD,Agrawal,ARF,ABRUPT,"{'num_splits': 20, 'model_id': 'kpca', 'encoding_factor': 0.3, 'delta_warn': 0.1, 'delta_drift': 0.0001}",15,11,19,0.4230769230769231,0.36666666666666664,0.36666666666666664,0.3928571428571428,379.54545454545456,0.049994833867167056,0.0866577120364229,30,26
ABCD,STAGGER,ARF,ABRUPT,"{'num_splits': 20, 'model_id': 'kpca', 'encoding_factor': 0.3, 'delta_warn': 0.1, 'delta_drift': 0.0001}",0,56,1,1.0,0.9824561403508771,0.9666666666666667,0.9911504424778761,36.89655172413793,0.0,0.18664737977075702,30,56
ABCD,SEA,NaiveBayes,ABRUPT,"{'num_splits': 20, 'model_id': 'kpca', 'encoding_factor': 0.3, 'delta_warn': 0.1, 'delta_drift': 0.0001}",14,1,29,0.06666666666666667,0.03333333333333333,0.03333333333333333,0.04444444444444444,-787.0,0.046661844942689254,0.049994833867167056,30,15
