,fp,tp,fn,precision,recall,ep_recall,f1,mdt,fa_1k,alarms_per_1k,n_episodes,n_alarms
ABCD,0.0,20.0,0.0,1.0,1.0,1.0,1.0,512.65,0.0,0.4413841807909604,20.0,20.0
ADWIN,2.0,0.0,20.0,0.0,0.0,0.0,0.0,,0.04413841807909605,0.04413841807909605,20.0,2.0
CUSUM,5.0,2.0,18.0,0.2857142857142857,0.1,0.1,0.14814814814814817,-1104.0,0.1103460451977401,0.15448446327683618,20.0,7.0
